storm_name,link
Subtropical Storm ALBERTO,ALBERTO.shtml?
Hurricane BERYL,BERYL.shtml?
Hurricane CHRIS,CHRIS.shtml?
Tropical Storm DEBBY,DEBBY.shtml?
Tropical Storm ERNESTO,ERNESTO.shtml?
Hurricane FLORENCE,FLORENCE.shtml?
Tropical Storm GORDON,GORDON.shtml?
Hurricane HELENE,HELENE.shtml?
Hurricane ISAAC,ISAAC.shtml?
Tropical Storm JOYCE,JOYCE.shtml?
Tropical Storm ARLENE,ARLENE.shtml?
Tropical Storm BRET,BRET.shtml?
Tropical Storm CINDY,CINDY.shtml?
Tropical Depression FOUR,FOUR.shtml?
Tropical Storm DON,DON.shtml?
Tropical Storm EMILY,EMILY.shtml?
Hurricane FRANKLIN,FRANKLIN.shtml?
Hurricane GERT,GERT.shtml?
Hurricane HARVEY,HARVEY.shtml?
Potential Tropical Cyclone TEN,TEN.shtml?
Hurricane IRMA,IRMA.shtml?
Hurricane JOSE,JOSE.shtml?
Hurricane KATIA,KATIA.shtml?
Hurricane LEE,LEE.shtml?
Hurricane MARIA,MARIA.shtml?
Hurricane NATE,NATE.shtml?
Hurricane OPHELIA,OPHELIA.shtml?
Tropical Storm PHILIPPE,PHILIPPE.shtml?
Tropical Storm RINA,RINA.shtml?
Hurricane ALEX,ALEX.shtml?
Tropical Storm BONNIE,BONNIE.shtml?
Tropical Storm COLIN,COLIN.shtml?
Tropical Storm DANIELLE,DANIELLE.shtml?
Hurricane EARL,EARL.shtml?
Tropical Storm FIONA,FIONA.shtml?
Hurricane GASTON,GASTON.shtml?
Tropical Depression EIGHT,EIGHT.shtml?
Hurricane HERMINE,HERMINE.shtml?
Tropical Storm IAN,IAN.shtml?
Tropical Storm JULIA,JULIA.shtml?
Tropical Storm KARL,KARL.shtml?
Tropical Storm LISA,LISA.shtml?
Hurricane MATTHEW,MATTHEW.shtml?
Hurricane NICOLE,NICOLE.shtml?
Hurricane OTTO,OTTO.shtml?
Tropical Storm ANA,ANA.shtml?
Tropical Storm BILL,BILL.shtml?
Tropical Storm CLAUDETTE,CLAUDETTE.shtml?
Hurricane DANNY,DANNY.shtml?
Tropical Storm ERIKA,ERIKA.shtml?
Hurricane FRED,FRED.shtml?
Tropical Storm GRACE,GRACE.shtml?
Tropical Storm HENRI,HENRI.shtml?
Tropical Depression NINE,NINE.shtml?
Tropical Storm IDA,IDA.shtml?
Hurricane JOAQUIN,JOAQUIN.shtml?
Hurricane KATE,KATE.shtml?
Hurricane ARTHUR,ARTHUR.shtml?
Tropical Depression TWO,TWO.shtml?
Hurricane BERTHA,BERTHA.shtml?
Hurricane CRISTOBAL,CRISTOBAL.shtml?
Tropical Storm DOLLY,DOLLY.shtml?
Hurricane EDOUARD,EDOUARD.shtml?
Hurricane FAY,FAY.shtml?
Hurricane GONZALO,GONZALO.shtml?
Tropical Storm HANNA,HANNA.shtml?
Tropical Storm ANDREA,ANDREA.shtml?
Tropical Storm BARRY,BARRY.shtml?
Tropical Storm CHANTAL,CHANTAL.shtml?
Tropical Storm DORIAN,DORIAN.shtml?
Tropical Storm ERIN,ERIN.shtml?
Tropical Storm FERNAND,FERNAND.shtml?
Tropical Storm GABRIELLE,GABRIELLE.shtml?
Tropical Depression EIGHT,EIGHT.shtml?
Hurricane HUMBERTO,HUMBERTO.shtml?
Hurricane INGRID,INGRID.shtml?
Tropical Storm JERRY,JERRY.shtml?
Tropical Storm KAREN,KAREN.shtml?
Tropical Storm LORENZO,LORENZO.shtml?
Tropical Storm MELISSA,MELISSA.shtml?
Tropical Storm ALBERTO,ALBERTO.shtml?
Tropical Storm BERYL,BERYL.shtml?
Hurricane CHRIS,CHRIS.shtml?
Tropical Storm DEBBY,DEBBY.shtml?
Hurricane ERNESTO,ERNESTO.shtml?
Tropical Storm FLORENCE,FLORENCE.shtml?
Tropical Storm HELENE,HELENE.shtml?
Hurricane GORDON,GORDON.shtml?
Hurricane ISAAC,ISAAC.shtml?
Tropical Storm JOYCE,JOYCE.shtml?
Hurricane KIRK,KIRK.shtml?
Hurricane LESLIE,LESLIE.shtml?
Hurricane MICHAEL,MICHAEL.shtml?
Hurricane NADINE,NADINE.shtml?
Tropical Storm OSCAR,OSCAR.shtml?
Tropical Storm PATTY,PATTY.shtml?
Hurricane RAFAEL,RAFAEL.shtml?
Hurricane SANDY,SANDY.shtml?
Tropical Storm TONY,TONY.shtml?
Tropical Storm ARLENE,ARLENE.shtml?
Tropical Storm BRET,BRET.shtml?
Tropical Storm CINDY,CINDY.shtml?
Tropical Storm DON,DON.shtml?
Tropical Storm EMILY,EMILY.shtml?
Tropical Storm FRANKLIN,FRANKLIN.shtml?
Tropical Storm GERT,GERT.shtml?
Tropical Storm HARVEY,HARVEY.shtml?
Hurricane IRENE,IRENE.shtml?
Tropical Depression TEN,TEN.shtml?
Tropical Storm JOSE,JOSE.shtml?
Hurricane KATIA,KATIA.shtml?
Tropical Storm LEE,LEE.shtml?
Hurricane MARIA,MARIA.shtml?
Tropical Storm NATE,NATE.shtml?
Hurricane OPHELIA,OPHELIA.shtml?
Hurricane PHILIPPE,PHILIPPE.shtml?
Hurricane RINA,RINA.shtml?
Tropical Storm SEAN,SEAN.shtml?
Hurricane ALEX,ALEX.shtml?
Tropical Depression TWO,TWO.shtml?
Tropical Storm BONNIE,BONNIE.shtml?
Tropical Storm COLIN,COLIN.shtml?
Tropical Depression FIVE,FIVE.shtml?
Hurricane DANIELLE,DANIELLE.shtml?
Hurricane EARL,EARL.shtml?
Tropical Storm FIONA,FIONA.shtml?
Tropical Storm GASTON,GASTON.shtml?
Tropical Storm HERMINE,HERMINE.shtml?
Hurricane IGOR,IGOR.shtml?
Hurricane JULIA,JULIA.shtml?
Hurricane KARL,KARL.shtml?
Hurricane LISA,LISA.shtml?
Tropical Storm MATTHEW,MATTHEW.shtml?
Tropical Storm NICOLE,NICOLE.shtml?
Hurricane OTTO,OTTO.shtml?
Hurricane PAULA,PAULA.shtml?
Hurricane RICHARD,RICHARD.shtml?
Hurricane SHARY,SHARY.shtml?
Hurricane TOMAS,TOMAS.shtml?
Tropical Depression ONE,ONE.shtml?
Tropical Storm ANA,ANA.shtml?
Hurricane BILL,BILL.shtml?
Tropical Storm CLAUDETTE,CLAUDETTE.shtml?
Tropical Storm DANNY,DANNY.shtml?
Tropical Storm ERIKA,ERIKA.shtml?
Hurricane FRED,FRED.shtml?
Tropical Depression EIGHT,EIGHT.shtml?
Tropical Storm GRACE,GRACE.shtml?
Tropical Storm HENRI,HENRI.shtml?
Hurricane IDA,IDA.shtml?
Tropical Storm ARTHUR,ARTHUR.shtml?
Hurricane BERTHA,BERTHA.shtml?
Tropical Storm CRISTOBAL,CRISTOBAL.shtml?
Hurricane DOLLY,DOLLY.shtml?
Tropical Storm EDOUARD,EDOUARD.shtml?
Tropical Storm FAY,FAY.shtml?
Hurricane GUSTAV,GUSTAV.shtml?
Hurricane HANNA,HANNA.shtml?
Hurricane IKE,IKE.shtml?
Tropical Storm JOSEPHINE,JOSEPHINE.shtml?
Hurricane KYLE,KYLE.shtml?
Tropical Storm LAURA,LAURA.shtml?
Tropical Storm MARCO,MARCO.shtml?
Tropical Storm NANA,NANA.shtml?
Hurricane OMAR,OMAR.shtml?
Tropical Depression SIXTEEN,SIXTEEN.shtml?
Hurricane PALOMA,PALOMA.shtml?
Subtropical Storm ANDREA,ANDREA.shtml?
Tropical Storm BARRY,BARRY.shtml?
Tropical Storm CHANTAL,CHANTAL.shtml?
Hurricane DEAN,DEAN.shtml?
Tropical Storm ERIN,ERIN.shtml?
Hurricane FELIX,FELIX.shtml?
Tropical Storm GABRIELLE,GABRIELLE.shtml?
Tropical Storm INGRID,INGRID.shtml?
Hurricane HUMBERTO,HUMBERTO.shtml?
Tropical Depression TEN,TEN.shtml?
Tropical Storm JERRY,JERRY.shtml?
Tropical Storm KAREN,KAREN.shtml?
Hurricane LORENZO,LORENZO.shtml?
Tropical Storm MELISSA,MELISSA.shtml?
Tropical Depression FIFTEEN,FIFTEEN.shtml?
Hurricane NOEL,NOEL.shtml?
Tropical Storm OLGA,OLGA.shtml?
Tropical Storm ALBERTO,ALBERTO.shtml?
Tropical Storm BERYL,BERYL.shtml?
Tropical Storm CHRIS,CHRIS.shtml?
Tropical Storm DEBBY,DEBBY.shtml?
Hurricane ERNESTO,ERNESTO.shtml?
Hurricane FLORENCE,FLORENCE.shtml?
Hurricane GORDON,GORDON.shtml?
Hurricane HELENE,HELENE.shtml?
Hurricane ISAAC,ISAAC.shtml?
Tropical Storm ARLENE,ARLENE.shtml?
Tropical Storm BRET,BRET.shtml?
Hurricane CINDY*,CINDY.shtml?
Hurricane DENNIS,DENNIS.shtml?
Hurricane EMILY,EMILY.shtml?
Tropical Storm FRANKLIN,FRANKLIN.shtml?
Tropical Storm GERT,GERT.shtml?
Tropical Storm HARVEY,HARVEY.shtml?
Hurricane IRENE,IRENE.shtml?
Tropical Depression TEN,TEN.shtml?
Tropical Storm JOSE,JOSE.shtml?
Hurricane KATRINA,KATRINA.shtml?
Tropical Storm LEE,LEE.shtml?
Hurricane MARIA,MARIA.shtml?
Hurricane NATE,NATE.shtml?
Hurricane OPHELIA,OPHELIA.shtml?
Hurricane PHILIPPE,PHILIPPE.shtml?
Hurricane RITA,RITA.shtml?
Tropical Depression NINETEEN,NINETEEN.shtml?
Hurricane STAN,STAN.shtml?
Tropical Storm TAMMY,TAMMY.shtml?
Subtropical Depression TWENTY-TWO,TWENTY-TWO.shtml?
Hurricane VINCE,VINCE.shtml?
Hurricane WILMA,WILMA.shtml?
Tropical Storm ALPHA,ALPHA.shtml?
Hurricane BETA,BETA.shtml?
Tropical Storm GAMMA,GAMMA.shtml?
Tropical Storm DELTA,DELTA.shtml?
Hurricane EPSILON,EPSILON.shtml?
Tropical Storm ZETA,ZETA.shtml?
Hurricane ALEX,ALEX.shtml?
Tropical Storm BONNIE,BONNIE.shtml?
Hurricane CHARLEY,CHARLEY.shtml?
Hurricane DANIELLE,DANIELLE.shtml?
Tropical Storm EARL,EARL.shtml?
Hurricane FRANCES,FRANCES.shtml?
Hurricane GASTON*,GASTON.shtml?
Tropical Storm HERMINE,HERMINE.shtml?
Hurricane IVAN,IVAN.shtml?
Tropical Depression TEN,TEN.shtml?
Hurricane JEANNE,JEANNE.shtml?
Hurricane KARL,KARL.shtml?
Hurricane LISA,LISA.shtml?
Tropical Storm MATTHEW,MATTHEW.shtml?
Subtropical Storm NICOLE,NICOLE.shtml?
Tropical Storm OTTO,OTTO.shtml?
Tropical Storm ANA,ANA.shtml?
Tropical Depression TWO,TWO.shtml?
Tropical Storm BILL,BILL.shtml?
Hurricane CLAUDETTE,CLAUDETTE.shtml?
Hurricane DANNY,DANNY.shtml?
Tropical Depression SIX,SIX.shtml?
Tropical Depression SEVEN,SEVEN.shtml?
Hurricane ERIKA*,ERIKA.shtml?
Tropical Depression NINE,NINE.shtml?
Hurricane FABIAN,FABIAN.shtml?
Tropical Storm GRACE,GRACE.shtml?
Tropical Storm HENRI,HENRI.shtml?
Hurricane ISABEL,ISABEL.shtml?
Tropical Depression FOURTEEN,FOURTEEN.shtml?
Hurricane JUAN,JUAN.shtml?
Hurricane KATE,KATE.shtml?
Tropical Storm LARRY,LARRY.shtml?
Tropical Storm MINDY,MINDY.shtml?
Tropical Storm NICHOLAS,NICHOLAS.shtml?
Tropical Storm ODETTE,ODETTE.shtml?
Tropical Storm PETER,PETER.shtml?
